DidaID,DEO1,DEO2,RecA,EssA,DEO3,DEO4,RecB,EssB,Path,DE,Pair
dd148,0.796506812705,0,0.7138,1.0,2.0,0,0.6812,1.0,0,TD,GDNF_RET
dd220,0.558474475903,0,0.7373,1.0,0.662739780126,0,0.6032,1.0,1,CO,NEUROD1_PDX1
dd223,0.837221052666,0,0.2135,0.0,2.0,0,0.2303,0.0,0,TD,PRPH2_ROM1
dd222,0.837221052666,0,0.2135,0.0,2.0,0,0.2303,0.0,0,TD,PRPH2_ROM1
dd144,0.875038848499,0,0.3367,0.0,0.569198992677,0,0.2578,1.0,0,CO,SCN5A_KCNQ1
dd145,0.256149750885,0,0.375,1.0,2.0,0,0.4388,0.0,0,TD,SLC26A4_KCNJ10
dd146,0.556573225018,0,0.375,1.0,0.724695410297,0,0.4388,0.0,0,TD,SLC26A4_KCNJ10
dd147,2.0,0,0.3367,0.0,0.839287805026,0,0.2578,1.0,0,CO,SCN5A_KCNQ1
dd029,2.0,0.537199950034,0.8931,1.0,0.51800174043,0,0.3662,1.0,0,CO,TYR_OCA2
dd023,0.0549201486467,0,0.5406,0.0,0.711182257416,0,0.1762,0.0,1,TD,PARK7_PINK1
dd022,0.518267806038,0,0.7293,1.0,0,0,0.6812,1.0,0,TD,EDNRB_RET
dd021,0.0899065398734,0.0899065398734,0.1289,0.0,0.2364077179,0.2364077179,0.0899,0.0,0,TD,OTUD4_RNF216
dd020,2.0,2.0,0.1057,0.0,0.803694477927,0,0.2499,1.0,0,CO,TJP2_BAAT
dd027,0.132205428974,0,0.4104,0.0,0.800032117002,0,0.6197,0.0,0,TD,CYP1B1_MYOC
dd026,0.772216703537,0,0.4104,0.0,0.800032117002,0,0.6197,0.0,0,CO,CYP1B1_MYOC
dd024,2.0,2.0,0.4784,0.0,0.262317247428,0,0.1762,0.0,1,CO,PARK2_PINK1
dd034,0.62779655386,0,0.4323,0.0,0.979677736137,0.979677736137,0.2732,0.0,1,CO,SLC3A1_SLC7A9
dd035,0.62779655386,0,0.4323,0.0,0.979677736137,0,0.2732,0.0,1,CO,SLC3A1_SLC7A9
dd036,0.734669689862,0.62779655386,0.4323,0.0,0.979677736137,0,0.2732,0.0,1,CO,SLC3A1_SLC7A9
dd037,0.867321220566,0,0.2097,0.0,0.956010935248,0,0.1039,1.0,1,CO,FZD4_LRP5
dd030,2.0,0,0.8931,1.0,0.362683281532,0.362683281532,0.3662,1.0,0,CO,TYR_OCA2
dd032,0.795169844718,0,0.3515,1.0,0.640068948272,0,0.4172,0.0,1,CO,FGG_FGA
dd033,0.62779655386,0,0.4323,0.0,0.982044766411,0.979677736137,0.2732,0.0,1,CO,SLC3A1_SLC7A9
dd038,0.802315416564,0,0.5373,0.0,0.972179439198,0.972179439198,0.9859,0.0,1,CO,EMD_LMNA
dd039,2.0,0,0.5373,0.0,0.664587863676,0,0.9859,0.0,1,CO,EMD_LMNA
dd221,2.0,0,0.1103,0.0,2.0,0,0.1702,0.0,0,TD,GPR98_PDZD7
dd134,0.0291877629946,0,0.1804,0.0,0.814398293203,0,0.3194,0.0,0,CO,ATP2B2_MYO6
dd136,2.0,0,0.2064,0.0,0.551894639232,0,0.1337,1.0,0,CO,PROKR2_KAL1
dd041,0.697333417861,0,0.5592,0.0,0.534000682764,0,0.1417,0.0,1,CO,CPOX_ALAD
dd040,0.451655417294,0,0.1631,0.0,2.0,0,0.0922,1.0,0,CO,GDAP1_MFN2
dd043,0.894159209381,0,0.214,1.0,0.24440114029,0,0.3437,1.0,1,CO,SCN1A_SCN2A
dd047,0.909082456837,0,0.5949,1.0,0.751716564285,0,0.2499,1.0,1,CO,KRT14_KRT5
dd046,0.26415521314,0,0.6346,1.0,2.0,0,0.299,1.0,0,CO,PITX2_FOXC1
dd207,0.431265624373,0,0.1475,0.3919,0.0980449531546,0.516788049441,0.2499,1.0,0,TD,ATP2B3_LAMA1
dd206,2.0,0,0.5056,1.0,2.0,0,0.1054,0.0,0,TD,TMPRSS3_GJB2
dd204,0.724744458569,0.724744458569,0.2499,1.0,0,0,0.1834,0.0,0,TD,BBS1_CCDC28B
dd200,0.835764844614,0,0.39,0.0,0.357002105813,0,0.1321,0.3919,0,TD,STXBP2_RAB27A
dd128,0.597300031229,0,0.0994,1.0,0.676944904154,0,0.2029,0.0,0,CO,EDA_WNT10A
dd126,0.423556077056,0,0.0994,1.0,0.443182465193,0,0.2029,0.0,0,CO,EDA_WNT10A
dd124,0.755007241071,0,0.3388,0.0,2.0,0,0.1784,0.0,0,TD,MYO7A_PCDH15
dd125,0.423499070753,0,0.0994,1.0,0.443182465193,0,0.2029,0.0,0,CO,EDA_WNT10A
dd123,2.0,0,0.1027,0.0,0.962291551008,0,0.6866,1.0,1,TD,LMBRD1_MTR
dd120,0.537199950034,0,0.8931,1.0,0.827743412522,0,0.5854,0.0,0,TD,TYR_SLC45A2
dd121,2.0,0,0.8931,1.0,0.563506215547,0,0.3662,1.0,0,TD,TYR_OCA2
dd049,2.0,0,0.2097,0.0,0.325761799072,0,0.2499,1.0,0,CO,F5_FZD4
dd052,0.335208833184,0,0.5419,0.0,0.496120198381,0.496120198381,0.7304,0.0,0,CO,HFE_HAMP
dd219,2.0,0,0.7373,1.0,0.662739780126,0,0.6032,1.0,1,CO,NEUROD1_PDX1
dd050,2.0,0,0.6912,1.0,2.0,0,0.2286,1.0,1,CO,HMBS_UROD
dd051,0.380070103246,0,0.5419,0.0,0.496120198381,0,0.7304,0.0,0,TD,HFE_HAMP
dd056,0.460180404896,0,0.3326,0.0,0.918393333166,0,0.3367,0.0,0,CO,KCNQ1_KCNE1
dd054,0.460180404896,0,0.3326,0.0,0.945509683731,0,0.3367,0.0,0,CO,KCNQ1_KCNE1
dd058,0.786609025066,0,0.3326,0.0,0.729513914022,0,0.2975,1.0,0,CO,KCNH2_KCNE1
dd059,0.460180404896,0,0.3326,0.0,0.946291903751,0,0.2975,1.0,0,CO,KCNH2_KCNE1
dd218,0.937340284736,0,0.5014,1.0,2.0,0,0.2063,0.0,0,CO,BMPR2_KCNA5
dd119,0.494470945327,0,0.3662,1.0,0.723113022106,0.723113022106,0.5854,0.0,0,TD,OCA2_SLC45A2
dd118,2.0,0,0.8931,1.0,0.723113022106,0,0.5854,0.0,0,TD,TYR_SLC45A2
dd117,0.925252172803,0,0.8931,1.0,0.838839871518,0,0.5854,0.0,0,TD,TYR_SLC45A2
dd116,2.0,0,0.8746,1.0,0.419609920953,0,0.535,1.0,0,TD,WT1_NPHS1
dd115,0.848815893143,2.0,0.2665,1.0,0.38736785191,0,0.535,1.0,1,TD,NPHS1_NPHS2
dd114,0.188792115004,0,0.379,0.0,0.272630410026,0,0.2665,1.0,1,TD,NPHS2_CD2AP
dd193,0.579414777032,0,0.5737,0.0,2.0,0,0.1321,0.3919,0,TD,PRF1_STXBP2
dd192,2.0,0,0.5737,0.0,0.121688623011,0,0.1321,0.3919,0,TD,PRF1_STXBP2
dd191,0.579414777032,0,0.5737,0.0,0.397496698804,0,0.1321,0.3919,0,TD,PRF1_STXBP2
dd190,0.697932675375,0,0.5737,0.0,0.357002105813,0,0.1321,0.3919,0,TD,PRF1_STXBP2
dd197,0.367441877114,0,0.1321,0.3919,0.593257229864,0,0.1601,0.0,0,TD,UNC13D_STXBP2
dd196,2.0,0,0.1321,0.3919,0.593257229864,0,0.1601,0.0,0,TD,UNC13D_STXBP2
dd195,2.0,0,0.1321,0.3919,2.0,0,0.1601,0.0,0,TD,UNC13D_STXBP2
dd194,0.369437449369,0,0.1321,0.3919,0.593257229864,0,0.1601,0.0,0,TD,UNC13D_STXBP2
dd199,0.481562768325,0,0.1321,0.3919,0.251883532453,0,0.1832,0.3919,0,TD,STXBP2_STX11
dd198,0.261719191383,0,0.1832,0.3919,0.412300676,0,0.1601,0.0,0,TD,UNC13D_STX11
dd066,0.460180404896,0,0.3326,0.0,0.928628854422,0,0.2578,1.0,0,CO,SCN5A_KCNE1
dd064,0.460180404896,0,0.3326,0.0,0.798605909067,0,0.2975,1.0,0,CO,KCNH2_KCNE1
dd062,0.460180404896,0,0.3326,0.0,0.887461650605,0,0.2975,1.0,0,CO,KCNH2_KCNE1
dd060,0.460180404896,0.460180404896,0.3326,0.0,0.964213960605,0,0.2975,1.0,0,CO,KCNH2_KCNE1
dd188,0.579414777032,0,0.5737,0.0,0.357002105813,0,0.1321,0.3919,0,TD,PRF1_STXBP2
dd184,2.0,0,0.5737,0.0,0.440403635226,0,0.1601,0.0,0,TD,PRF1_UNC13D
dd185,0.70871406782,0,0.5737,0.0,0.593257229864,0,0.1601,0.0,0,TD,PRF1_UNC13D
dd187,0.579414777032,0,0.5737,0.0,0.699966791691,0,0.1601,0.0,0,TD,PRF1_UNC13D
dd180,0.579414777032,0,0.5737,0.0,0.0708886979357,0,0.1601,0.0,0,TD,PRF1_UNC13D
dd181,0.0468110636204,0,0.5737,0.0,0.299469082076,0,0.1601,0.0,0,TD,PRF1_UNC13D
dd182,0.579414777032,0,0.5737,0.0,0.593257229864,0,0.1601,0.0,0,TD,PRF1_UNC13D
dd173,0.618436879793,0,0.5737,0.0,2.0,0,0.1601,0.0,0,TD,PRF1_UNC13D
dd172,0.308330391473,0,0.9378,1.0,2.0,0,0.2499,1.0,1,CO,HNF1A_HNF4A
dd175,0.703912448848,0,0.5737,0.0,0.366743337148,0,0.1601,0.0,0,TD,PRF1_UNC13D
dd174,0.579414777032,0,0.5737,0.0,2.0,0,0.1601,0.0,0,TD,PRF1_UNC13D
dd177,0.579414777032,0,0.5737,0.0,0.108192523479,0,0.1601,0.0,0,TD,PRF1_UNC13D
dd176,0.579414777032,0,0.5737,0.0,0.159994186941,0,0.1601,0.0,0,TD,PRF1_UNC13D
dd179,0.238666195492,0,0.5737,0.0,0.307641787508,0,0.1601,0.0,0,TD,PRF1_UNC13D
dd178,0.579414777032,0,0.5737,0.0,0.221988727657,0,0.1601,0.0,0,TD,PRF1_UNC13D
dd074,2.0,2.0,0.0954,0.0,2.0,0,0.3057,1.0,0,TD,BBS2_MKKS
dd075,0.610729695188,0.610729695188,0.0954,0.0,0.888778482278,0.888778482278,0.3277,1.0,0,TD,BBS4_BBS2
dd162,2.0,0,0.1103,0.0,2.0,0.452308098706,0.2499,0.0,0,TD,USH2A_PDZD7
dd163,2.0,0,0.1103,0.0,2.0,0,0.1702,0.0,0,TD,PDZD7_GPR98
dd160,0.802315416564,0,0.5373,0.0,0.972179439198,0.972179439198,0.9859,0.0,1,CO,EMD_LMNA
dd161,2.0,0,0.1103,0.0,2.0,2.0,0.2499,0.0,0,CO,USH2A_PDZD7
dd164,0.961686365043,0,0.786,1.0,0.321725435861,0,0.1239,0.0,0,TD,IL17RD_FGFR1
dd048,0.841748709333,0,0.1114,0.0,0.928628854422,0,0.2578,1.0,0,CO,SCN5A_KCNE2
dd009,0.317742010684,0,0.1784,0.0,0.141002231946,0,0.203,0.0,0,CO,PCDH15_CDH23
dd008,2.0,0,0.1784,0.0,0.321096552049,0,0.203,0.0,0,TD,PCDH15_CDH23
dd005,0.216267796686,0,0.1996,1.0,0.414682685964,0,0.4388,0.0,0,TD,SLC26A4_FOXI1
dd004,0.239842637742,0,0.164,1.0,2.0,0,0.5056,1.0,1,TD,GJB3_GJB2
dd007,0.317742010684,0,0.1784,0.0,2.0,0,0.203,0.0,0,TD,PCDH15_CDH23
dd006,0.0291877629946,0,0.1804,0.0,0.721123568481,0.721123568481,0.203,0.0,0,CO,CDH23_ATP2B2
dd001,0.936970542974,0,0.3367,0.0,2.0,0,0.2975,1.0,1,CO,KCNQ1_KCNH2
dd003,0.239842637742,0,0.164,1.0,2.0,0,0.5056,1.0,1,TD,GJB2_GJB3
dd002,0.032763670266,0,0.164,1.0,2.0,0,0.5056,1.0,1,TD,GJB2_GJB3
dd085,0.724744458569,2.0,0.2499,1.0,0,0,0.1834,0.0,0,CO,BBS1_CCDC28B
dd084,2.0,0.724744458569,0.2499,1.0,0,0,0.1834,0.0,0,CO,BBS1_CCDC28B
dd086,0.528410053285,2.0,0.1794,0.0,2.0,0,0.3277,1.0,0,CO,BBS7_BBS4
dd083,0.149766931019,0,0.0954,0.0,0.468085735859,0,0.3277,1.0,0,TD,BBS4_BBS2
dd082,2.0,0,0.0954,0.0,0.386576319182,0,0.3277,1.0,0,TD,BBS4_BBS2
dd159,0.802315416564,0,0.5373,0.0,0.972179439198,0,0.9859,0.0,1,CO,EMD_LMNA
dd158,0.802315416564,0,0.5373,0.0,0.972179439198,0,0.9859,0.0,1,CO,EMD_LMNA
dd157,0.918956854895,0,0.3388,0.0,2.0,0.617289865983,0.2499,0.0,0,TD,MYO7A_USH2A
dd156,0.229160649171,0,0.1648,0.0,2.0,2.0,0.1702,0.0,0,TD,GPR98_DFNB31
dd155,2.0,2.0,0.3388,0.0,0.624615668063,0,0.1702,0.0,0,TD,MYO7A_GPR98
dd154,2.0,2.0,0.163,0.0,0.653648631309,0,0.203,0.0,0,TD,USH1C_CDH23
dd153,2.0,0.916722317466,0.3388,0.0,0.695169106076,0,0.203,0.0,0,TD,MYO7A_CDH23
dd152,2.0,2.0,0.1631,0.0,0.298782984013,0,0.0922,1.0,0,CO,GDAP1_MFN2
dd018,2.0,0,0.786,1.0,0.551894639232,0,0.1337,1.0,0,CO,PROKR2_FGFR1
dd019,2.0,0,0.1057,0.0,0.803694477927,0.803694477927,0.2499,1.0,0,CO,TJP2_BAAT
dd013,2.0,0,0.238,0.0,0.933552996382,0,0.786,1.0,0,CO,FGFR1_NSMF
dd010,2.0,0,0.0929,1.0,0.0841643389572,0,0.1062,1.0,0,TD,NEK1_DYNC2H1
dd011,0.848815893143,0.848815893143,0.2665,1.0,2.0,0,0.535,1.0,1,CO,NPHS1_NPHS2
